-- ============================================================================
-- GIRO - Datos iniciales de catálogos (PostgreSQL)
-- ============================================================================

-- cat_tipo_evento_ro02 (148 registros - Basel II / SIB RD)
INSERT INTO cat_tipo_evento_ro02 (codigo, nombre, nivel, codigo_padre) VALUES
('TE01','FRAUDE INTERNO',1,NULL),
('TE011','Actividades no autorizadas',2,'TE01'),
('TE01101','Uso indebido de facultades y atribuciones',3,'TE011'),
('TE01102','Operaciones no reveladas de manera intencional',3,'TE011'),
('TE01103','Operaciones no autorizadas',3,'TE011'),
('TE01104','Valoración errónea de posiciones de manera intencional',3,'TE011'),
('TE01105','Uso inadecuado de los activos de la entidad',3,'TE011'),
('TE01106','Incumplimientos y evasiones fiscales, legales o falseamientos contables',3,'TE011'),
('TE012','Robo y fraude interno',2,'TE01'),
('TE01201','Fraude crediticio',3,'TE012'),
('TE01202','Transferencia de fondos fraudulenta',3,'TE012'),
('TE01203','Hurto / extorsión / malversación / robo',3,'TE012'),
('TE01204','Apropiación indebida de activos',3,'TE012'),
('TE01205','Destrucción de activos de manera intencional',3,'TE012'),
('TE01206','Falsificación interna',3,'TE012'),
('TE01207','Utilización fraudulenta de cheques',3,'TE012'),
('TE01208','Contrabando',3,'TE012'),
('TE01209','Robo de información de tarjetas',3,'TE012'),
('TE01210','Apropiación de cuentas o de identidad',3,'TE012'),
('TE01211','Incumplimiento/evasión de impuestos de manera intencional',3,'TE012'),
('TE01212','Soborno/cohecho',3,'TE012'),
('TE01213','Abuso de información privilegiada con fines de lucro personal',3,'TE012'),
('TE013','Tecnología y Seguridad de la Información (Interno)',2,'TE01'),
('TE01301','Indisponibilidad de información, servicios o activos por sabotaje',3,'TE013'),
('TE01302','Indisponibilidad de información por destrucción',3,'TE013'),
('TE01303','Robo de información',3,'TE013'),
('TE01304','Divulgación de información confidencial',3,'TE013'),
('TE01305','Alteración no autorizada de información',3,'TE013'),
('TE02','FRAUDE EXTERNO',1,NULL),
('TE021','Hurto y fraude externo',2,'TE02'),
('TE02101','Fraude crediticio',3,'TE021'),
('TE02102','Transferencia de fondos fraudulenta',3,'TE021'),
('TE02103','Hurto / extorsión / malversación / robo',3,'TE021'),
('TE02104','Apropiación indebida de activos',3,'TE021'),
('TE02105','Falsificación externa / billetes falsos',3,'TE021'),
('TE02106','Utilización fraudulenta de cheques',3,'TE021'),
('TE02107','Espionaje corporativo',3,'TE021'),
('TE02108','Suplantación de identidad',3,'TE021'),
('TE02109','Robo de información de tarjetas',3,'TE021'),
('TE02110','Clonación de tarjetas',3,'TE021'),
('TE022','Tecnología y Seguridad de la Información (Externo)',2,'TE02'),
('TE02201','Indisponibilidad de información, servicios o activos por ataque',3,'TE022'),
('TE02202','Indisponibilidad de información por destrucción',3,'TE022'),
('TE02203','Divulgación de información confidencial',3,'TE022'),
('TE02204','Alteración no autorizada de información',3,'TE022'),
('TE02205','Robo de credenciales (Phishing)',3,'TE022'),
('TE03','RELACIONES LABORALES Y SEGURIDAD EN EL PUESTO DE TRABAJO',1,NULL),
('TE031','Relaciones laborales',2,'TE03'),
('TE03101','Cuestiones relativas a remuneración, prestaciones sociales, extinción de contratos',3,'TE031'),
('TE032','Higiene y Seguridad en el trabajo',2,'TE03'),
('TE03201','Accidentes laborales (caídas, golpes, etc.)',3,'TE032'),
('TE03202','Casos relacionados con las normas de higiene y seguridad en el trabajo',3,'TE032'),
('TE03203','Indemnización al personal',3,'TE032'),
('TE033','Diversidad y discriminación',2,'TE03'),
('TE03301','Todo tipo de discriminación',3,'TE033'),
('TE03302','Invasión a la intimidad o acoso',3,'TE033'),
('TE04','CLIENTES, PRODUCTOS Y PRÁCTICAS EMPRESARIALES',1,NULL),
('TE041','Adecuación, divulgación de información y confianza',2,'TE04'),
('TE04101','Abusos de confianza / incumplimiento de políticas',3,'TE041'),
('TE04102','Aspectos de adecuación / divulgación de información',3,'TE041'),
('TE04103','Quebrantamiento de la privacidad de información de clientes',3,'TE041'),
('TE04104','Ventas agresivas',3,'TE041'),
('TE04105','Confusión de cuentas',3,'TE041'),
('TE04106','Abuso de información confidencial de clientes',3,'TE041'),
('TE04107','Falta de responsabilidad fiduciaria',3,'TE041'),
('TE04108','Incumplimiento a las normas de ética',3,'TE041'),
('TE042','Prácticas empresariales o de mercado improcedentes',2,'TE04'),
('TE04201','Prácticas restrictivas de la competencia',3,'TE042'),
('TE04202','Prácticas comerciales de mercado improcedentes',3,'TE042'),
('TE04203','Manipulación del mercado',3,'TE042'),
('TE04204','Práctica empresarial con abuso de información privilegiada',3,'TE042'),
('TE04205','Actividades no autorizadas',3,'TE042'),
('TE04206','Lavado de dinero',3,'TE042'),
('TE04207','Infracción de derecho de autor (piratería de software)',3,'TE042'),
('TE043','Productos defectuosos',2,'TE04'),
('TE04301','Defectos del producto',3,'TE043'),
('TE04302','Error de diseño del producto',3,'TE043'),
('TE044','Selección, patrocinio y riesgos',2,'TE04'),
('TE04401','Ausencia de investigación a clientes conforme a las directrices',3,'TE044'),
('TE04402','Superación de los límites de riesgo frente a clientes',3,'TE044'),
('TE045','Actividades de asesoramiento',2,'TE04'),
('TE04501','Litigios sobre resultados de las actividades de asesoramiento',3,'TE045'),
('TE05','DAÑOS A ACTIVOS MATERIALES',1,NULL),
('TE051','Por desastres naturales',2,'TE05'),
('TE05101','Daños por terremoto',3,'TE051'),
('TE05102','Daños por maremoto',3,'TE051'),
('TE05103','Daños por ciclón',3,'TE051'),
('TE05104','Daños por lluvias',3,'TE051'),
('TE05105','Daños por inundaciones',3,'TE051'),
('TE052','Por otras causas',2,'TE05'),
('TE05201','Daños por descarga electrostática',3,'TE052'),
('TE05202','Daños por interferencia electromagnética',3,'TE052'),
('TE05203','Daños por ruido eléctrico',3,'TE052'),
('TE05204','Daños por explosión',3,'TE052'),
('TE05205','Daños por colisión',3,'TE052'),
('TE05206','Daños por plagas (insectos/roedores)',3,'TE052'),
('TE05207','Daños por gases químicos',3,'TE052'),
('TE05208','Daños por incendio',3,'TE052'),
('TE05209','Daños por polvo',3,'TE052'),
('TE05210','Daños por vibraciones',3,'TE052'),
('TE05211','Daños por conflicto armado / huelgas',3,'TE052'),
('TE05212','Daños por vandalismo',3,'TE052'),
('TE05213','Daños por terrorismo',3,'TE052'),
('TE06','INCIDENCIAS EN EL NEGOCIO Y FALLOS EN LOS SISTEMAS',1,NULL),
('TE061','Tecnológicos',2,'TE06'),
('TE06101','Falla o mal funcionamiento del Hardware',3,'TE061'),
('TE06102','Falla o mal funcionamiento del Software',3,'TE061'),
('TE06103','Falla o mal funcionamiento de Servicios (Telefonía, Internet, etc.)',3,'TE061'),
('TE062','Otras causas',2,'TE06'),
('TE06201','Falla en el suministro de energía',3,'TE062'),
('TE06202','Falla en el suministro de agua',3,'TE062'),
('TE06203','Falla del soporte de los servicios subcontratados',3,'TE062'),
('TE06204','Falla en los equipos de contingencia eléctrica (UPS, inversor, planta, etc.)',3,'TE062'),
('TE07','FALLAS EN LA EJECUCIÓN, ENTREGA O GESTIÓN DE LOS PROCESOS',1,NULL),
('TE071','Recepción, ejecución y mantenimiento de operaciones',2,'TE07'),
('TE07101','Comunicación defectuosa',3,'TE071'),
('TE07102','Errores en la captura, procesamiento, transmisión o descarga de datos',3,'TE071'),
('TE07103','Incumplimiento de plazos o de responsabilidades',3,'TE071'),
('TE07104','Ejecución errónea de activos de información (hardware, software, servicios)',3,'TE071'),
('TE07105','Error contable / atribución a cuentas erróneas',3,'TE071'),
('TE07106','Errores en otras tareas',3,'TE071'),
('TE07107','Fallo en la entrega de procesos',3,'TE071'),
('TE07108','Errores de operación y/o de administración de los sistemas',3,'TE071'),
('TE072','Seguimiento y presentación de informes a Organismos Reguladores',2,'TE07'),
('TE07201','Incumplimiento de la obligación de informar',3,'TE072'),
('TE07202','Inexactitud de informes externos',3,'TE072'),
('TE073','Aceptación de clientes y documentación',2,'TE07'),
('TE07301','Inexistencia de autorizaciones o rechazos de clientes',3,'TE073'),
('TE07302','Documentos jurídicos inexistentes o incompletos',3,'TE073'),
('TE07303','Errores en los contratos con clientes',3,'TE073'),
('TE07304','Pérdida de la documentación',3,'TE073'),
('TE074','Gestión de cuentas de clientes',2,'TE07'),
('TE07401','Acceso no autorizado a cuentas',3,'TE074'),
('TE07402','Registro incorrecto de clientes',3,'TE074'),
('TE07403','Pérdida o daño de activos de clientes por negligencia',3,'TE074'),
('TE07404','Liquidación de fondos de manera errada o tardía',3,'TE074'),
('TE075','Incumplimiento de la regulación',2,'TE07'),
('TE07501','Incumplimiento de la regulación fiscal',3,'TE075'),
('TE07502','Incumplimiento de las normativas aplicables al mercado de valores',3,'TE075'),
('TE07503','Incumplimiento de las normativas de Intermediación financiera',3,'TE075'),
('TE076','Contrapartes comerciales',2,'TE07'),
('TE07601','Fallos de contrapartes distintas de clientes',3,'TE076'),
('TE07602','Litigios con contrapartes distintas de clientes',3,'TE076'),
('TE07603','Errores en los contratos con contrapartes comerciales',3,'TE076'),
('TE077','Distribuidores y proveedores',2,'TE07'),
('TE07701','Falla en servicios subcontratados',3,'TE077'),
('TE07702','Litigios con distribuidores / proveedores',3,'TE077'),
('TE07703','Errores en los contratos con distribuidores y proveedores',3,'TE077');

-- cat_linea_negocio (8 registros)
INSERT INTO cat_linea_negocio (codigo, nombre) VALUES
('LN001','FINANZAS CORPORATIVAS'),
('LN002','NEGOCIACIÓN Y VENTAS'),
('LN003','BANCA MINORISTA'),
('LN004','BANCA COMERCIAL'),
('LN005','LIQUIDACIÓN Y PAGOS'),
('LN006','SERVICIOS DE AGENCIA'),
('LN007','GESTIÓN DE ACTIVOS'),
('LN008','INTERMEDIACIÓN MINORISTA');

-- cat_naturaleza_perdida (6 registros)
INSERT INTO cat_naturaleza_perdida (naturaleza_id, codigo, nombre, descripcion) VALUES
(1,'DIR','Pérdida Directa','Impacto monetario inmediato y cuantificable'),
(2,'IND','Pérdida Indirecta','Costos de investigación, remediación, consultoría'),
(3,'CONT','Contingente','Pérdidas potenciales o provisiones'),
(4,'REP','Reputacional','Impacto en imagen y confianza'),
(5,'REG','Regulatoria','Multas y sanciones de entes supervisores'),
(6,'LEG','Legal','Demandas, litigios, indemnizaciones');

-- cat_areas_organizacion (26 registros)
INSERT INTO cat_areas_organizacion (area_id, codigo, nombre) VALUES
(1,'1','Consejo de Administración o Directores'),
(2,'2','Presidencia/Gerencia General'),
(3,'3','Vicepresidencia Ejecutiva'),
(4,'4','Planificación y Presupuesto'),
(5,'5','Administrativa'),
(6,'6','Recursos Humanos'),
(7,'7','Finanzas'),
(8,'8','Contabilidad'),
(9,'9','Mercadeo'),
(10,'10','Comunicaciones Institucionales/Relaciones Públicas'),
(11,'11','Legal/Jurídica'),
(12,'12','Contraloría/Control Interno'),
(13,'13','Operaciones'),
(14,'14','Cobros'),
(15,'15','Tecnología'),
(16,'16','Negocios Corporativos o Institucionales'),
(17,'17','Negocios Personales'),
(18,'18','Negocios Mipymes'),
(19,'19','Tesorería'),
(20,'20','Cumplimiento regulatorio'),
(21,'21','Cumplimiento PLA/FT'),
(22,'22','Riesgos'),
(23,'23','Auditoría Interna'),
(24,'24','Seguridad Física'),
(25,'25','Seguridad de la Información'),
(26,'26','Servicio al cliente');

-- cat_procesos (88 registros)
INSERT INTO cat_procesos (codigo, nombre) VALUES
('P001','Desarrollo de estrategias'),('P002','Gestión de procesos y proyectos'),
('P003','Evaluación del entorno económico'),('P004','Administración de activos materiales'),
('P005','Administración de seguridad física de activos'),('P006','Procesos áreas administrativas'),
('P007','Adquisición, construcción y mantenimiento de activos'),('P008','Compras de bienes y contratación de servicios'),
('P009','Administración recursos humanos'),('P010','Gestión y desarrollo del capital humano'),
('P011','Administración de recursos financieros'),('P012','Registro contable'),
('P013','Lanzamiento de nuevos productos'),('P014','Desarrollo y gestión de productos y servicios'),
('P015','Administración de relaciones externas'),('P016','Formalización de garantía'),
('P017','Registro de garantías'),('P018','Procesos legales'),
('P019','Proceso de adjudicación de bienes'),('P020','Gestión de control interno'),
('P021','Administración de cajeros automáticos'),('P022','Administración de canales digitales'),
('P023','Administración de estrategias de mercadeo y relaciones públicas'),('P024','Administración de subagentes bancarios'),
('P025','Apertura de caja de seguridad'),('P026','Procesamiento de productos financieros'),
('P027','Entrega de productos financieros'),('P028','Cancelación de productos financieros'),
('P029','Apertura de cuentas / certificados financieros / productos'),('P030','Autenticación de cliente / validación de firmas'),
('P031','Retiro de efectivo'),('P032','Transferencias electrónicas de fondos'),
('P033','Solicitud de avance de efectivo'),('P034','Compra y venta de divisas'),
('P035','Pignoración de certificados financieros'),('P036','Bloqueo de fondos'),
('P037','Cálculo de intereses'),('P038','Cambio de tasas'),
('P039','Canje de puntos programa de fidelización de cliente'),('P040','Cuadre de operaciones (caja, conciliaciones diarias, caja chica, etc.)'),
('P041','Custodia de documentos'),('P042','Manejo de documentos vía mensajería'),
('P043','Formalización del crédito'),('P044','Emisión de póliza de seguros'),
('P045','Desembolso del crédito'),('P046','Devolución de cheques'),
('P047','Reintegro de cheques'),('P048','Embosado de tarjetas'),
('P049','Monitoreo y prevención de fraudes'),('P050','Retención y depuración de billetes falsos'),
('P051','Gestión con proveedores'),('P052','Pago a proveedores de servicios'),
('P053','Pago de productos financieros'),('P054','Pago de servicios básicos (luz, teléfono, etc)'),
('P055','Reabastecimiento efectivo (ventanilla, cajero automático)'),('P056','Recepción de depósitos a cuentas'),
('P057','Recepción de depósito de efectivo'),('P058','Recepción y validación de depósitos nocturnos'),
('P059','Recepción de efectivo en bóveda central'),('P060','Recepción y envío de remesas'),
('P061','Recepción y registro en sistema de pagos'),('P062','Cobros / recaudo de cartera de crédito'),
('P063','Codificación de seguridad de acceso del cliente'),('P064','Parametrización de límites transaccionales'),
('P065','Parametrización de accesos'),('P066','Parametrización de productos'),
('P067','Parametrización de infraestructura'),('P068','Actualización de infraestructura'),
('P069','Pase a producción de infraestructura'),('P070','Otros procesos del área de tecnología'),
('P071','Administración de seguridad de la información'),('P072','Administración de disponibilidades'),
('P073','Gestión de recursos de tecnología de la información'),('P074','Solicitud de productos financieros'),
('P075','Análisis y depuración de crédito'),('P076','Venta de bienes adjudicados'),
('P077','Venta de productos y servicios'),('P078','Gestión de tesorería y valores'),
('P079','Generación y envío de reportes regulatorios'),('P080','Gestión de cumplimiento PLA/FT'),
('P081','Gestión integral de riesgos'),('P082','Gestión de procesos de auditoría'),
('P083','Transporte de valores'),('P084','Gestión de seguridad física'),
('P085','Administración de seguridad de canales electrónicos'),('P086','Gestión de seguridad de la información'),
('P087','Administración de servicio al cliente'),('P088','Atención al cliente');

-- cat_severidad (5 registros)
INSERT INTO cat_severidad (severidad_id, nombre, valor_numerico, rango_perdida_min, rango_perdida_max, descripcion, color_hex) VALUES
(1,'Insignificante',1,0,1000,'Impacto mínimo, no requiere escalamiento','#90EE90'),
(2,'Menor',2,1001,10000,'Impacto bajo, manejo local','#FFFF99'),
(3,'Moderado',3,10001,50000,'Impacto medio, requiere atención gerencial','#FFA500'),
(4,'Mayor',4,50001,250000,'Impacto alto, requiere comité ejecutivo','#FF6347'),
(5,'Catastrófico',5,250001,NULL,'Impacto crítico, amenaza la viabilidad','#DC143C');

-- cat_probabilidad (5 registros)
INSERT INTO cat_probabilidad (probabilidad_id, nombre, valor_numerico, frecuencia_esperada, porcentaje_min, porcentaje_max, descripcion) VALUES
(1,'Rara',1,'Menos de 1 vez cada 10 años',0.00,10.00,'Muy improbable que ocurra'),
(2,'Improbable',2,'1 vez cada 5-10 años',10.01,25.00,'Poco probable pero posible'),
(3,'Posible',3,'1 vez cada 1-5 años',25.01,50.00,'Probabilidad moderada'),
(4,'Probable',4,'1-3 veces por año',50.01,75.00,'Alta probabilidad'),
(5,'Casi Cierta',5,'Más de 3 veces por año',75.01,100.00,'Muy probable, se espera que ocurra');

-- cat_tipo_control (4 registros)
INSERT INTO cat_tipo_control (tipo_control_id, codigo, nombre, descripcion, momento_aplicacion) VALUES
(1,'PREV','Preventivo','Evita que el riesgo se materialice','Antes del evento'),
(2,'DET','Detectivo','Identifica cuando el riesgo se ha materializado','Durante/después del evento'),
(3,'CORR','Correctivo','Minimiza el impacto después de la materialización','Después del evento'),
(4,'COMP','Compensatorio','Compensa las debilidades de otros controles','Transversal');

-- cat_frecuencia_control (9 registros)
INSERT INTO cat_frecuencia_control (frecuencia_id, nombre, periodicidad_dias, descripcion) VALUES
(1,'Continua',0,'Automatizada en tiempo real'),
(2,'Diaria',1,'Una vez al día'),
(3,'Semanal',7,'Una vez por semana'),
(4,'Quincenal',15,'Cada 15 días'),
(5,'Mensual',30,'Una vez al mes'),
(6,'Trimestral',90,'Cada 3 meses'),
(7,'Semestral',180,'Cada 6 meses'),
(8,'Anual',365,'Una vez al año'),
(9,'Ad-hoc',NULL,'Sin periodicidad definida, según necesidad');

-- matriz_riesgo (25 registros - 5x5)
INSERT INTO matriz_riesgo (probabilidad, impacto, nivel_riesgo, puntaje_riesgo, color_hex, accion_requerida) VALUES
(1,1,'Muy Bajo',1,'#90EE90','Aceptar'),
(1,2,'Bajo',2,'#FFFF99','Aceptar con monitoreo'),
(1,3,'Medio',3,'#FFFF99','Revisar controles'),
(1,4,'Medio',4,'#FFA500','Implementar controles adicionales'),
(1,5,'Alto',5,'#FF6347','Plan de mitigación prioritario'),
(2,1,'Bajo',2,'#FFFF99','Aceptar con monitoreo'),
(2,2,'Bajo',4,'#FFFF99','Revisar controles'),
(2,3,'Medio',6,'#FFA500','Implementar controles adicionales'),
(2,4,'Alto',8,'#FF6347','Plan de mitigación prioritario'),
(2,5,'Alto',10,'#DC143C','Acción inmediata requerida'),
(3,1,'Bajo',3,'#FFFF99','Revisar controles'),
(3,2,'Medio',6,'#FFA500','Implementar controles adicionales'),
(3,3,'Medio',9,'#FFA500','Plan de mitigación prioritario'),
(3,4,'Alto',12,'#DC143C','Acción inmediata requerida'),
(3,5,'Crítico',15,'#8B0000','Inaceptable - Escalar a Directorio'),
(4,1,'Medio',4,'#FFA500','Implementar controles adicionales'),
(4,2,'Medio',8,'#FF6347','Plan de mitigación prioritario'),
(4,3,'Alto',12,'#DC143C','Acción inmediata requerida'),
(4,4,'Crítico',16,'#8B0000','Inaceptable - Escalar a Directorio'),
(4,5,'Crítico',20,'#8B0000','Inaceptable - Escalar a Directorio'),
(5,1,'Medio',5,'#FFA500','Plan de mitigación prioritario'),
(5,2,'Alto',10,'#DC143C','Acción inmediata requerida'),
(5,3,'Alto',15,'#DC143C','Acción inmediata requerida'),
(5,4,'Crítico',20,'#8B0000','Inaceptable - Escalar a Directorio'),
(5,5,'Crítico',25,'#8B0000','Inaceptable - Escalar a Directorio');

-- umbrales_materializacion (4 registros)
INSERT INTO umbrales_materializacion (umbral_id, nombre, monto_usd, requiere_reporte_super, plazo_reporte_dias, nivel_aprobacion, descripcion) VALUES
(1,'Evento Menor',1000,FALSE,NULL,'Gerencia Área','Gestión interna, no requiere reporte a Superintendencia'),
(2,'Evento Material',10000,FALSE,NULL,'Gerencia General','Requiere análisis de causa raíz documentado'),
(3,'Evento Significativo',50000,TRUE,30,'Comité de Riesgos','Reporte obligatorio a Superintendencia en 30 días'),
(4,'Evento Crítico',250000,TRUE,15,'Directorio','Reporte inmediato a Superintendencia en 15 días');

-- cat_estado_evento (5 registros)
INSERT INTO cat_estado_evento (estado_id, nombre, descripcion, orden, color_hex, permite_edicion) VALUES
(1,'Registrado','Evento registrado, pendiente de análisis',1,'#808080',TRUE),
(2,'En Análisis','Análisis de causa raíz en proceso',2,'#1E90FF',TRUE),
(3,'En Mitigación','Planes de acción en ejecución',3,'#FFA500',TRUE),
(4,'Cerrado','Evento cerrado, acciones completadas',4,'#32CD32',FALSE),
(5,'Cancelado','Evento descartado o duplicado',5,'#A9A9A9',FALSE);

-- cat_estado_plan_accion (6 registros)
INSERT INTO cat_estado_plan_accion (estado_id, nombre, descripcion, orden, color_hex) VALUES
(1,'Pendiente','Acción no iniciada',1,'#808080'),
(2,'En Progreso','Acción en ejecución',2,'#1E90FF'),
(3,'En Revisión','Pendiente de validación',3,'#FFD700'),
(4,'Completada','Acción finalizada exitosamente',4,'#32CD32'),
(5,'Vencida','Fecha de compromiso excedida',5,'#DC143C'),
(6,'Cancelada','Acción descartada',6,'#A9A9A9');

-- cat_canales (12 registros)
INSERT INTO cat_canales (codigo, nombre, descripcion) VALUES
('EB','BANCA POR INTERNET (INTERNET BANKING)','Página web de las EIF para transacciones en línea'),
('CA','CAJEROS AUTOMÁTICOS (ATM)','Equipo electromecánico para retiros y otros servicios'),
('IV','RESPUESTA DE VOZ INTERACTIVA (IVR)','Tecnología telefónica interactiva'),
('VE','SUCURSAL O AGENCIA (VENTANILLA)','Canal presencial en sucursal o agencia'),
('EP','ESTAFETA DE PAGO','Puntos en establecimientos para recaudación de pagos'),
('TA','BANCA TELEFÓNICA','Servicio asistido por operador vía telefónica'),
('PO','TERMINAL DE PUNTOS DE VENTA (POS)','Dispositivo electrónico para pagos en establecimientos'),
('PE','COMERCIO ELECTRÓNICO','Portales web para compras de bienes y servicios'),
('SP','PAGOS MÓVILES (NO BANCARIOS)','Operaciones de pago por dispositivos móviles no bancarios'),
('SA','SUBAGENTE BANCARIO','Personas contratadas para servicios financieros'),
('SC','SUBAGENTE CAMBIARIO','Personas contratadas para operaciones cambiarias'),
('AM','APLICATIVO BANCA MÓVIL','Aplicación móvil de la entidad para banca electrónica');

-- cat_medio_pago (15 registros)
INSERT INTO cat_medio_pago (codigo, nombre) VALUES
('EF','EFECTIVO'),('CK','CHEQUE'),('CV','CHEQUE VIAJERO'),
('TX','TRANSFERENCIA BANCARIA'),('ND','NOTA DE DÉBITO'),('NC','NOTA DE CRÉDITO'),
('TC','TARJETA DE CRÉDITO'),('TD','TARJETA DE DÉBITO'),('DD','DÉBITO DIRECTO O DOMICILIACIÓN'),
('CD','CRÉDITO DIRECTO'),('TP','TARJETAS PREPAGADAS'),('TR','TRANSFERENCIAS DE FONDOS'),
('PI','PAGOS AL INSTANTE BCRD'),('CP','CREDENCIALES DE PAGO'),('CE','CUENTA PAGO ELECTRÓNICO');

-- cat_marcas_tarjetas (8 registros)
INSERT INTO cat_marcas_tarjetas (marca_id, codigo, nombre) VALUES
(1,'1','VISA'),(2,'2','MASTERCARD'),(3,'3','AMERICAN EXPRESS'),
(4,'4','DINERS CLUB'),(5,'5','OTRAS MARCAS INTERNACIONALES'),
(6,'6','MARCA PROPIA (EXCLUSIVA DE LA ENTIDAD)'),
(7,'7','OTRAS MARCAS LOCALES (SIN EXCLUSIVIDAD DE LA ENTIDAD)'),
(8,'8','OTRAS MARCAS (LOCALES E INTERNACIONALES)');

-- cat_factor_causa (43 registros)
INSERT INTO cat_factor_causa (codigo, nombre, nivel, codigo_padre) VALUES
('F1','PROCESOS',1,NULL),
('F101','Falta de políticas o procedimientos',2,'F1'),
('F102','Desactualización de políticas o procedimientos',2,'F1'),
('F103','Falta de segregación de funciones',2,'F1'),
('F104','Tareas manuales',2,'F1'),
('F105','Falta de capacitación al personal',2,'F1'),
('F106','Falta de validaciones',2,'F1'),
('F107','Falla en evaluación y seguimiento de idoneidad de suplidor',2,'F1'),
('F108','Falta de plan de continuidad de operaciones',2,'F1'),
('F2','PERSONAS',1,NULL),
('F201','Ineficiencia en la toma de decisiones',2,'F2'),
('F202','Alta rotación de personal',2,'F2'),
('F203','Sobrecarga laboral',2,'F2'),
('F204','Personal insuficiente o inadecuado',2,'F2'),
('F205','Violación a políticas',2,'F2'),
('F206','Cliente mal informado por colaborador',2,'F2'),
('F207','Falta de experiencia de colaborador',2,'F2'),
('F208','Análisis defectuoso',2,'F2'),
('F209','Desconocimiento o aplicación incorrecta de la política',2,'F2'),
('F210','Desconocimiento de regulación',2,'F2'),
('F211','Mal uso de sistemas',2,'F2'),
('F212','Agotamiento o estrés laboral',2,'F2'),
('F213','Contratación inadecuada de recursos humanos',2,'F2'),
('F214','Desmotivación del personal',2,'F2'),
('F215','Ausentismo laboral',2,'F2'),
('F3','SISTEMAS',1,NULL),
('F301','Mala configuración (hardware o software)',2,'F3'),
('F302','Equipos tecnológicos inadecuados',2,'F3'),
('F303','Mantenimiento inadecuado',2,'F3'),
('F304','Cambio inadecuado',2,'F3'),
('F305','Obsolescencia de activos de información',2,'F3'),
('F306','Poca capacidad instalada',2,'F3'),
('F307','Permisos inadecuados',2,'F3'),
('F308','Mal desempeño de activos de información',2,'F3'),
('F4','EVENTOS EXTERNOS',1,NULL),
('F401','Problemas sanitarios o enfermedades',2,'F4'),
('F402','Catástrofes naturales',2,'F4'),
('F403','Inseguridad social',2,'F4'),
('F404','Conflictos bélicos',2,'F4'),
('F405','Inestabilidad política',2,'F4'),
('F406','Cambio en marco normativo y regulatorio',2,'F4'),
('F407','Defraudadores',2,'F4'),
('F408','Indisponibilidad o falla de proveedores',2,'F4');

-- cat_consecuencias (11 registros)
INSERT INTO cat_consecuencias (codigo, nombre) VALUES
('C01','Pérdidas financieras'),('C02','Pérdida de un activo o su valor'),
('C03','Multas, sentencias y sanciones'),('C04','Pérdida de clientes, personal o proveedores'),
('C05','Pérdida de la ventaja competitiva'),('C06','Pérdida de eficiencia o eficacia, reprocesos'),
('C07','Interrupción de las operaciones o del servicio'),('C08','Incapacidad para proporcionar servicio'),
('C09','Impacto negativo a la imagen de la marca, reputación o credibilidad'),
('C10','Afectación a la salud o integridad física de colaboradores y funcionarios'),
('C11','Afectación a la salud o integridad física de clientes o terceros');

-- cat_incidentes_fraude (23 registros)
INSERT INTO cat_incidentes_fraude (incidente_id, codigo, nombre) VALUES
(1,'1','Cheque robado o perdido'),(2,'2','Cheque falsificado'),(3,'3','Cheques otros'),
(4,'4','Transferencia de Fondos – Pagos al Instante BCRD'),
(5,'5','Transferencia de Fondos - Débitos y Créditos Directos Intrabancarios (ACH)'),
(6,'6','Transferencia de Fondos - Débitos y Créditos Directos Interbancarios (ACH)'),
(7,'7','Transferencia de Fondos – Otros'),
(8,'8','Tarjetas en POS – Fraude Doméstico Tarjeta Presente - Débito'),
(9,'9','Tarjetas en POS – Fraude Doméstico Tarjeta Presente - Crédito'),
(10,'10','Tarjetas en POS – Fraude Doméstico Tarjeta Presente – Prepagadas'),
(11,'11','Tarjetas en POS – Fraude Doméstico Tarjeta No-Presente - Débito'),
(12,'12','Tarjetas en POS – Fraude Doméstico Tarjeta No-Presente - Crédito'),
(13,'13','Tarjetas en POS – Fraude Doméstico Tarjeta No-Presente - Prepagadas'),
(14,'14','Tarjetas en POS – Fraude Internacional Tarjeta Presente - Débito'),
(15,'15','Tarjetas en POS – Fraude Internacional Tarjeta Presente - Crédito'),
(16,'16','Tarjetas en POS – Fraude Internacional Tarjeta Presente - Prepagadas'),
(17,'17','Tarjetas en POS – Fraude Internacional Tarjeta No-Presente - Débito'),
(18,'18','Tarjetas en POS – Fraude Internacional Tarjeta No-Presente - Crédito'),
(19,'19','Tarjetas en POS – Fraude Internacional Tarjeta No-Presente - Prepagadas'),
(20,'20','Cajeros Automáticos – Retiros Fraudulentos – Tarjetas de Débito'),
(21,'21','Cajeros Automáticos – Retiros Fraudulentos – Tarjetas de Crédito'),
(22,'22','Cajeros Automáticos – Retiros Fraudulentos – Tarjetas Prepagadas'),
(23,'23','Cajeros Automáticos – Afectación Física a Cajeros Automáticos');
